{"cameraMode":{"drawMode":0,"name":"Shaded","section":"Shading Mode"},"sceneLighting":true,"audioPlay":false,"sceneViewState":{"m_AlwaysRefresh":false,"showFog":true,"showSkybox":true,"showFlares":true,"showImageEffects":true,"showParticleSystems":true,"showVisualEffectGraphs":true,"m_FxEnabled":true},"in2DMode":false,"pivot":{"x":-6.206137657165527,"y":28.130525588989259,"z":-25.34164810180664},"rotation":{"x":-0.10511109977960587,"y":0.009542904794216156,"z":-0.0010115285404026509,"w":-0.994419276714325},"size":75.53387451171875,"orthographic":false}